"id_hospede,""nome_hospede"",""cpf_hospede"",""email_hospede"",""telefone_hospede"",""cep_endereco"",""numero_endereco"",""rua_endereco"",""cidade_endereco"",""pais_endereco"",""estado_endereco"""
"1,""Ronaldo Urquiza"",""123.456.789-00"",""ronaldo@email.com"",""+55 83 99999-0001"",""58400-100"",150,""Rua Floriano Peixoto"",""Campina Grande"",""Brasil"",""PB"""
"2,""Joao Pinheiro"",""987.654.321-00"",""maria@email.com"",""+55 83 99999-0002"",""58030-020"",250,""Avenida Epitacio Pessoa"",""Joao Pessoa"",""Brasil"",""PB"""
"3,""Ianna Dayiah"",""321.654.987-00"",""ianna@email.com"",""+55 83 99999-0003"",""58410-200"",310,""Rua Miguel Couto"",""Campina Grande"",""Brasil"",""PB"""
"4,""Belinha Isabelle"",""456.789.123-00"",""belinha@email.com"",""+55 83 99999-0004"",""58050-110"",420,""Rua Princesa Isabel"",""Joao Pessoa"",""Brasil"",""PB"""
"5,""Baal Zebul"",""789.123.456-00"",""baal@email.com"",""+55 83 99999-0005"",""58430-050"",530,""Avenida Assis Chateaubriand"",""Campina Grande"",""Brasil"",""PB"""












